{"accuracy": [0.9163148403167725, 0.9751851558685303, 0.9801852107048035, 0.9838148355484009, 0.9866296052932739, 0.987666666507721, 0.989037036895752, 0.990074098110199, 0.9915370345115662, 0.9915925860404968, 0.9926296472549438, 0.99272221326828, 0.9930740594863892], "val_accuracy": [0.9806666374206543, 0.9858333468437195, 0.9865000247955322, 0.9898333549499512, 0.9909999966621399, 0.9921666383743286, 0.9921666383743286, 0.9933333396911621, 0.9900000095367432, 0.9933333396911621, 0.9925000071525574, 0.9915000200271606, 0.9923333525657654], "loss": [0.26893460750579834, 0.08186288177967072, 0.062277842313051224, 0.05143869295716286, 0.04255932196974754, 0.039599817246198654, 0.03373828902840614, 0.030672218650579453, 0.026124296709895134, 0.025693124160170555, 0.02303728275001049, 0.022175060585141182, 0.020481465384364128], "val_loss": [0.06960301846265793, 0.04788919538259506, 0.04615871235728264, 0.03449195623397827, 0.03170320764183998, 0.03063436970114708, 0.028058486059308052, 0.02767055854201317, 0.03233824297785759, 0.027108026668429375, 0.02760928124189377, 0.029843686148524284, 0.02852114848792553]}